[
    {
        "internalName": "NEEDFORSPEEDUNBOUND",
        "title": "Need for Speed Unbound",
        "metacriticLink": "/game/need-for-speed-unbound/",
        "dealID": "4rbRh50lHEieBs4NgiZoBdtoZEcFdbynQfpcRZNhOmQ%3D",
        "storeID": "8",
        "gameID": "251767",
        "salePrice": "4.89",
        "normalPrice": "69.99",
        "isOnSale": "1",
        "savings": "93.013288",
        "metacriticScore": "73",
        "steamRatingText": "Mixed",
        "steamRatingPercent": "61",
        "steamRatingCount": "31543",
        "steamAppID": "1846380",
        "releaseDate": 1669939200,
        "lastChange": 1732125448,
        "dealRating": "10.0",
        "thumb": "https://shared.fastly.steamstatic.com/store_item_assets/steam/apps/1846380/capsule_sm_120.jpg?t=1730217007"
    },
    {
        "internalName": "BEHOLDER",
        "title": "Beholder",
        "metacriticLink": "/game/beholder/",
        "dealID": "382QVX%2F5sHn6pVKspCuK%2FneRaBOw3U2fEl6qD2JNz14%3D",
        "storeID": "25",
        "gameID": "158740",
        "salePrice": "0.00",
        "normalPrice": "13.99",
        "isOnSale": "1",
        "savings": "100.000000",
        "metacriticScore": "75",
        "steamRatingText": "Very Positive",
        "steamRatingPercent": "91",
        "steamRatingCount": "19151",
        "steamAppID": "475550",
        "releaseDate": 1478649600,
        "lastChange": 1732208505,
        "dealRating": "10.0",
        "thumb": "https://shared.fastly.steamstatic.com/store_item_assets/steam/apps/475550/capsule_sm_120.jpg?t=1729765900"
    },
    {
        "internalName": "STRANGEBRIGADEDELUXEEDITION",
        "title": "Strange Brigade - Deluxe Edition",
        "metacriticLink": null,
        "dealID": "SjzaQRGDCsaSveuq4KA%2BGTb9D9DajsytAm9%2FoICBtg8%3D",
        "storeID": "3",
        "gameID": "186386",
        "salePrice": "6.00",
        "normalPrice": "79.99",
        "isOnSale": "1",
        "savings": "92.499062",
        "metacriticScore": "0",
        "steamRatingText": null,
        "steamRatingPercent": "0",
        "steamRatingCount": "0",
        "steamAppID": null,
        "releaseDate": 0,
        "lastChange": 1732286677,
        "dealRating": "10.0",
        "thumb": "https://sttc.gamersgate.com/images/product/strange-brigade-deluxe-edition/cover-180-0ff6d5.jpg"
    },
    {
        "internalName": "GRIDLEGENDSDELUXEEDITION",
        "title": "GRID Legends: Deluxe Edition",
        "metacriticLink": "/game/grid-legends-deluxe-edition/",
        "dealID": "PFPnhdS2jUUx2qVf3kpHQLzvfx%2BHcUVz%2F6H4mGzdmu4%3D",
        "storeID": "25",
        "gameID": "238027",
        "salePrice": "15.99",
        "normalPrice": "79.99",
        "isOnSale": "1",
        "savings": "80.010001",
        "metacriticScore": "0",
        "steamRatingText": null,
        "steamRatingPercent": "0",
        "steamRatingCount": "0",
        "steamAppID": null,
        "releaseDate": 1717632000,
        "lastChange": 1732034533,
        "dealRating": "10.0",
        "thumb": "https://originassets.akamaized.net/origin-com-store-final-assets-prod/16274527/142.0x200.0/1121222_MB_142x200_en_WW_^_2021-11-18-14-34-53_d918ab679a85af5587bf001bc8b2f724b09ad93d.jpg"
    },
    {
        "internalName": "SNIPERELITE4DELUXEEDITION",
        "title": "Sniper Elite 4 Deluxe Edition",
        "metacriticLink": null,
        "dealID": "XNLfSibt9B6d1uyUvuG17gpPsAuk0RUubajBDVGdXvY%3D",
        "storeID": "3",
        "gameID": "158734",
        "salePrice": "6.75",
        "normalPrice": "89.99",
        "isOnSale": "1",
        "savings": "92.499167",
        "metacriticScore": "0",
        "steamRatingText": null,
        "steamRatingPercent": "0",
        "steamRatingCount": "0",
        "steamAppID": null,
        "releaseDate": 0,
        "lastChange": 1732272992,
        "dealRating": "10.0",
        "thumb": "https://sttc.gamersgate.com/images/product/sniper-elite-4-deluxe-edition/cover-180-1ebfb1.jpg"
    },
    {
        "internalName": "NEEDFORSPEEDHEATDELUXEEDITION",
        "title": "Need for Speed Heat Deluxe Edition",
        "metacriticLink": null,
        "dealID": "GQYhHzOtQcCuICwD5sXBHG91ZHdsyxYRQbVgR%2Bs4Kbc%3D",
        "storeID": "25",
        "gameID": "204097",
        "salePrice": "3.49",
        "normalPrice": "69.99",
        "isOnSale": "1",
        "savings": "95.013573",
        "metacriticScore": "0",
        "steamRatingText": null,
        "steamRatingPercent": "0",
        "steamRatingCount": "0",
        "steamAppID": null,
        "releaseDate": 0,
        "lastChange": 1732034595,
        "dealRating": "10.0",
        "thumb": "https://originassets.akamaized.net/origin-com-store-final-assets-prod/195133/142.0x200.0/1075285_MB_142x200_en_US_^_2019-07-29-23-25-30_42beaad1d5b4fb712afcead5d5e94c6a03fcc9a1.jpg"
    },
    {
        "internalName": "SUICIDESQUADKILLTHEJUSTICELEAGUEDIGITALDELUXEEDITION",
        "title": "Suicide Squad: Kill the Justice League - Digital Deluxe Edition",
        "metacriticLink": null,
        "dealID": "x9sPdlHkKso7HR7cc6%2Fo5AGZnAm5K7EAdnDknBAJoWY%3D",
        "storeID": "25",
        "gameID": "278533",
        "salePrice": "4.99",
        "normalPrice": "99.99",
        "isOnSale": "1",
        "savings": "95.009501",
        "metacriticScore": "0",
        "steamRatingText": null,
        "steamRatingPercent": "0",
        "steamRatingCount": "0",
        "steamAppID": null,
        "releaseDate": 0,
        "lastChange": 1732034596,
        "dealRating": "10.0",
        "thumb": "https://sttc.gamersgate.com/images/product/suicide-squad-kill-the-justice-league-digital-deluxe-edition/cover-180-c29cf2.jpg"
    },
    {
        "internalName": "THEINCREDIBLEADVENTURESOFVANHELSINGANTHOLOGY",
        "title": "The Incredible Adventures of Van Helsing Anthology",
        "metacriticLink": null,
        "dealID": "TuRQ6HOlQe%2FygkRY5JFvdCjk8RHc8Ey1S%2BhLLaylDQw%3D",
        "storeID": "27",
        "gameID": "165849",
        "salePrice": "6.42",
        "normalPrice": "74.99",
        "isOnSale": "1",
        "savings": "91.438859",
        "metacriticScore": "0",
        "steamRatingText": "Mostly Positive",
        "steamRatingPercent": "79",
        "steamRatingCount": "12339",
        "steamAppID": "75825",
        "releaseDate": 0,
        "lastChange": 1732152353,
        "dealRating": "10.0",
        "thumb": "https://shared.fastly.steamstatic.com/store_item_assets/steam/subs/75825/capsule_sm_120.jpg?t=1705948029"
    },
    {
        "internalName": "THEINCREDIBLEADVENTURESOFVANHELSINGANTHOLOGY",
        "title": "The Incredible Adventures of Van Helsing Anthology",
        "metacriticLink": null,
        "dealID": "ztz%2B1Yqj9xhewVTAHjsJRpVzWSEKulNN%2BC50IkL7AvQ%3D",
        "storeID": "24",
        "gameID": "165849",
        "salePrice": "7.50",
        "normalPrice": "74.99",
        "isOnSale": "1",
        "savings": "89.998666",
        "metacriticScore": "0",
        "steamRatingText": "Mostly Positive",
        "steamRatingPercent": "79",
        "steamRatingCount": "12339",
        "steamAppID": "75825",
        "releaseDate": 0,
        "lastChange": 1732309194,
        "dealRating": "10.0",
        "thumb": "https://shared.fastly.steamstatic.com/store_item_assets/steam/subs/75825/capsule_sm_120.jpg?t=1705948029"
    },
    {
        "internalName": "ONEPUNCHMANAHERONOBODYKNOWSDELUXEEDITION",
        "title": "One Punch Man: A Hero Nobody Knows Deluxe Edition",
        "metacriticLink": null,
        "dealID": "5iBdHSHea%2F%2FCU3Sb8EbapQE%2B1uFzLQ9D5AqvOPQeHec%3D",
        "storeID": "11",
        "gameID": "210040",
        "salePrice": "7.99",
        "normalPrice": "79.99",
        "isOnSale": "1",
        "savings": "90.011251",
        "metacriticScore": "0",
        "steamRatingText": null,
        "steamRatingPercent": "0",
        "steamRatingCount": "0",
        "steamAppID": null,
        "releaseDate": 0,
        "lastChange": 1732278625,
        "dealRating": "10.0",
        "thumb": "https://sttc.gamersgate.com/images/product/one-punch-man-a-hero-nobody-knows-deluxe-edition/cover-180-0c33a4.jpg"
    },
    {
        "internalName": "SIDMEIERSCIVILIZATIONVIPLATINUMEDITION",
        "title": "Sid Meiers Civilization VI: Platinum Edition",
        "metacriticLink": null,
        "dealID": "4z%2BBwSYhjHTGbIGlislojS5%2Bb0m%2Fbfdph6S%2BkAtbEHw%3D",
        "storeID": "23",
        "gameID": "206126",
        "salePrice": "8.28",
        "normalPrice": "79.99",
        "isOnSale": "1",
        "savings": "89.648706",
        "metacriticScore": "0",
        "steamRatingText": null,
        "steamRatingPercent": "0",
        "steamRatingCount": "0",
        "steamAppID": null,
        "releaseDate": 0,
        "lastChange": 1732277357,
        "dealRating": "10.0",
        "thumb": "https://sttc.gamersgate.com/images/product/sid-meiers-civilization-vi-platinum-edition/cover-180-4c22ae.jpg"
    },
    {
        "internalName": "ONEPIECEWORLDSEEKERDELUXEEDITION",
        "title": "ONE PIECE World Seeker Deluxe Edition",
        "metacriticLink": null,
        "dealID": "gg3ApYVOZYZoGV8wO4dmqHcXn%2BNAXMmte8MFfAtgx8Y%3D",
        "storeID": "11",
        "gameID": "198716",
        "salePrice": "8.99",
        "normalPrice": "89.99",
        "isOnSale": "1",
        "savings": "90.010001",
        "metacriticScore": "0",
        "steamRatingText": null,
        "steamRatingPercent": "0",
        "steamRatingCount": "0",
        "steamAppID": null,
        "releaseDate": 0,
        "lastChange": 1732268842,
        "dealRating": "10.0",
        "thumb": "https://sttc.gamersgate.com/images/product/one-piece-world-seeker-deluxe-edition/cover-180-75a5b1.jpg"
    },
    {
        "internalName": "SIDMEIERSCIVILIZATIONVIPLATINUMEDITION",
        "title": "Sid Meiers Civilization VI: Platinum Edition",
        "metacriticLink": null,
        "dealID": "Z%2B3zH4CSnU1NL5%2BI0JfAKvniW%2Ba2vLmrUsGdJbwjWZk%3D",
        "storeID": "3",
        "gameID": "206126",
        "salePrice": "8.35",
        "normalPrice": "79.99",
        "isOnSale": "1",
        "savings": "89.561195",
        "metacriticScore": "0",
        "steamRatingText": null,
        "steamRatingPercent": "0",
        "steamRatingCount": "0",
        "steamAppID": null,
        "releaseDate": 0,
        "lastChange": 1732270614,
        "dealRating": "10.0",
        "thumb": "https://sttc.gamersgate.com/images/product/sid-meiers-civilization-vi-platinum-edition/cover-180-4c22ae.jpg"
    },
    {
        "internalName": "SIDMEIERSCIVILIZATIONVIPLATINUMEDITION",
        "title": "Sid Meiers Civilization VI: Platinum Edition",
        "metacriticLink": null,
        "dealID": "%2BIV9wBcvWIm7YY5%2BhJu3epDRyujf6OuO3DKgljjXKmI%3D",
        "storeID": "34",
        "gameID": "206126",
        "salePrice": "8.80",
        "normalPrice": "79.99",
        "isOnSale": "1",
        "savings": "88.998625",
        "metacriticScore": "0",
        "steamRatingText": null,
        "steamRatingPercent": "0",
        "steamRatingCount": "0",
        "steamAppID": null,
        "releaseDate": 0,
        "lastChange": 1732271010,
        "dealRating": "10.0",
        "thumb": "https://sttc.gamersgate.com/images/product/sid-meiers-civilization-vi-platinum-edition/cover-180-4c22ae.jpg"
    },
    {
        "internalName": "THEINCREDIBLEADVENTURESOFVANHELSINGANTHOLOGY",
        "title": "The Incredible Adventures of Van Helsing Anthology",
        "metacriticLink": null,
        "dealID": "1F%2Fs0kTRNaj6kR1b%2Fc7nUJHql%2FiZ3IW1pWHnXEOwVX4%3D",
        "storeID": "21",
        "gameID": "165849",
        "salePrice": "7.49",
        "normalPrice": "74.99",
        "isOnSale": "1",
        "savings": "90.012002",
        "metacriticScore": "0",
        "steamRatingText": "Mostly Positive",
        "steamRatingPercent": "79",
        "steamRatingCount": "12339",
        "steamAppID": "75825",
        "releaseDate": 0,
        "lastChange": 1732152189,
        "dealRating": "10.0",
        "thumb": "https://shared.fastly.steamstatic.com/store_item_assets/steam/subs/75825/capsule_sm_120.jpg?t=1705948029"
    },
    {
        "internalName": "THEINCREDIBLEADVENTURESOFVANHELSINGANTHOLOGY",
        "title": "The Incredible Adventures of Van Helsing Anthology",
        "metacriticLink": null,
        "dealID": "tbfhAnpKWgIw3AyPA%2BDmIaYpwSY8JzEReS2X69F3zo4%3D",
        "storeID": "23",
        "gameID": "165849",
        "salePrice": "7.50",
        "normalPrice": "74.99",
        "isOnSale": "1",
        "savings": "89.998666",
        "metacriticScore": "0",
        "steamRatingText": "Mostly Positive",
        "steamRatingPercent": "79",
        "steamRatingCount": "12339",
        "steamAppID": "75825",
        "releaseDate": 0,
        "lastChange": 1732150304,
        "dealRating": "10.0",
        "thumb": "https://shared.fastly.steamstatic.com/store_item_assets/steam/subs/75825/capsule_sm_120.jpg?t=1705948029"
    },
    {
        "internalName": "THEINCREDIBLEADVENTURESOFVANHELSINGANTHOLOGY",
        "title": "The Incredible Adventures of Van Helsing Anthology",
        "metacriticLink": null,
        "dealID": "6vepPM47sUweZxbzZfiP5bCNq0uwa8ux9qyneZSPJL0%3D",
        "storeID": "33",
        "gameID": "165849",
        "salePrice": "7.50",
        "normalPrice": "74.99",
        "isOnSale": "1",
        "savings": "89.998666",
        "metacriticScore": "0",
        "steamRatingText": "Mostly Positive",
        "steamRatingPercent": "79",
        "steamRatingCount": "12339",
        "steamAppID": "75825",
        "releaseDate": 0,
        "lastChange": 1732154893,
        "dealRating": "10.0",
        "thumb": "https://shared.fastly.steamstatic.com/store_item_assets/steam/subs/75825/capsule_sm_120.jpg?t=1705948029"
    },
    {
        "internalName": "SIDMEIERSCIVILIZATIONVIPLATINUMEDITION",
        "title": "Sid Meiers Civilization VI: Platinum Edition",
        "metacriticLink": null,
        "dealID": "ek2kcR6RxLy6KYn5NJafI21jlGVpz%2BNI4dXnAbaoMJ0%3D",
        "storeID": "11",
        "gameID": "206126",
        "salePrice": "9.59",
        "normalPrice": "79.99",
        "isOnSale": "1",
        "savings": "88.011001",
        "metacriticScore": "0",
        "steamRatingText": null,
        "steamRatingPercent": "0",
        "steamRatingCount": "0",
        "steamAppID": null,
        "releaseDate": 0,
        "lastChange": 1732275689,
        "dealRating": "10.0",
        "thumb": "https://sttc.gamersgate.com/images/product/sid-meiers-civilization-vi-platinum-edition/cover-180-4c22ae.jpg"
    },
    {
        "internalName": "SIDMEIERSCIVILIZATIONVIPLATINUMEDITION",
        "title": "Sid Meiers Civilization VI: Platinum Edition",
        "metacriticLink": null,
        "dealID": "vREFizxetXstsfWwfHeLbiPfEDYS3Vc3z3q0LfyxcNI%3D",
        "storeID": "24",
        "gameID": "206126",
        "salePrice": "9.60",
        "normalPrice": "79.99",
        "isOnSale": "1",
        "savings": "87.998500",
        "metacriticScore": "0",
        "steamRatingText": null,
        "steamRatingPercent": "0",
        "steamRatingCount": "0",
        "steamAppID": null,
        "releaseDate": 0,
        "lastChange": 1732309146,
        "dealRating": "10.0",
        "thumb": "https://sttc.gamersgate.com/images/product/sid-meiers-civilization-vi-platinum-edition/cover-180-4c22ae.jpg"
    },
    {
        "internalName": "DESTINY2LEGACYCOLLECTION2024",
        "title": "Destiny 2: Legacy Collection (2024)",
        "metacriticLink": null,
        "dealID": "19AuEKHjSsiNMZt%2FOEjuaVjLl1CETJqQ2ESvXykJzj0%3D",
        "storeID": "30",
        "gameID": "287615",
        "salePrice": "8.89",
        "normalPrice": "69.99",
        "isOnSale": "1",
        "savings": "87.298185",
        "metacriticScore": "0",
        "steamRatingText": null,
        "steamRatingPercent": "0",
        "steamRatingCount": "0",
        "steamAppID": null,
        "releaseDate": 0,
        "lastChange": 1732264834,
        "dealRating": "10.0",
        "thumb": "https://sttc.gamersgate.com/images/product/destiny-2-legacy-collection-2024/cover-180-c43273.jpg"
    },
    {
        "internalName": "DESTINY2LEGACYCOLLECTION2024",
        "title": "Destiny 2: Legacy Collection (2024)",
        "metacriticLink": null,
        "dealID": "WLwlh%2Blfnw68fmfxvxuksDuJhJKECrGFC059cK843QY%3D",
        "storeID": "3",
        "gameID": "287615",
        "salePrice": "8.93",
        "normalPrice": "69.99",
        "isOnSale": "1",
        "savings": "87.241034",
        "metacriticScore": "0",
        "steamRatingText": null,
        "steamRatingPercent": "0",
        "steamRatingCount": "0",
        "steamAppID": null,
        "releaseDate": 0,
        "lastChange": 1732239943,
        "dealRating": "10.0",
        "thumb": "https://sttc.gamersgate.com/images/product/destiny-2-legacy-collection-2024/cover-180-c43273.jpg"
    },
    {
        "internalName": "THEBOOKOFUNWRITTENTALESCOLLECTION",
        "title": "The Book of Unwritten Tales Collection",
        "metacriticLink": null,
        "dealID": "atVBzdCGbdc5VWjW6wtGCD%2Fa190qthDq45We4qtokmY%3D",
        "storeID": "21",
        "gameID": "123221",
        "salePrice": "8.99",
        "normalPrice": "69.95",
        "isOnSale": "1",
        "savings": "87.147963",
        "metacriticScore": "0",
        "steamRatingText": null,
        "steamRatingPercent": "0",
        "steamRatingCount": "0",
        "steamAppID": null,
        "releaseDate": 0,
        "lastChange": 1732308038,
        "dealRating": "10.0",
        "thumb": "https://sttc.gamersgate.com/images/product/the-book-of-unwritten-tales-collection/cover-180-72dc4c.jpg"
    },
    {
        "internalName": "THEQUARRYDELUXEEDITION",
        "title": "The Quarry Deluxe Edition",
        "metacriticLink": null,
        "dealID": "Kb%2BnKWG5d0q31D7pg5D0qPXKbHSfb210HrYKC%2FYe%2Bjw%3D",
        "storeID": "3",
        "gameID": "242112",
        "salePrice": "9.14",
        "normalPrice": "69.99",
        "isOnSale": "1",
        "savings": "86.940992",
        "metacriticScore": "0",
        "steamRatingText": null,
        "steamRatingPercent": "0",
        "steamRatingCount": "0",
        "steamAppID": null,
        "releaseDate": 0,
        "lastChange": 1732286391,
        "dealRating": "10.0",
        "thumb": "https://sttc.gamersgate.com/images/product/the-quarry-deluxe-edition/cover-180-c14ad4.jpg"
    },
    {
        "internalName": "ONEPIECEBURNINGBLOODGOLDEDITION",
        "title": "ONE PIECE BURNING BLOOD GOLD EDITION",
        "metacriticLink": "/game/one-piece-burning-blood-gold-edition/",
        "dealID": "s3vx%2Br4Bs1j1qeOuDjgSF2GHss81RwXP5H%2FgCr6gaGE%3D",
        "storeID": "11",
        "gameID": "157072",
        "salePrice": "9.74",
        "normalPrice": "74.99",
        "isOnSale": "1",
        "savings": "87.011602",
        "metacriticScore": "0",
        "steamRatingText": null,
        "steamRatingPercent": "0",
        "steamRatingCount": "0",
        "steamAppID": null,
        "releaseDate": 1472688000,
        "lastChange": 1732291836,
        "dealRating": "10.0",
        "thumb": "https://sttc.gamersgate.com/images/product/one-piece-burning-blood-gold-edition/cover-180-1732a9.jpg"
    },
    {
        "internalName": "VRALLY4ULTIMATEEDITION",
        "title": "V-Rally 4 Ultimate Edition",
        "metacriticLink": null,
        "dealID": "Z%2FuVzW5QpKRIa3OYaDCJuSRtm1IaDosryPoGi1gWGXc%3D",
        "storeID": "3",
        "gameID": "191972",
        "salePrice": "5.27",
        "normalPrice": "65.92",
        "isOnSale": "1",
        "savings": "92.005461",
        "metacriticScore": "0",
        "steamRatingText": null,
        "steamRatingPercent": "0",
        "steamRatingCount": "0",
        "steamAppID": null,
        "releaseDate": 0,
        "lastChange": 1731925183,
        "dealRating": "10.0",
        "thumb": "https://images.greenmangaming.com/f1dbed643b8f44fea59e3334f0f23894/a7de63071b59454c9bc2dd04d10fdebc.jpg"
    },
    {
        "internalName": "SIDMEIERSCIVILIZATIONVIPLATINUMEDITION",
        "title": "Sid Meiers Civilization VI: Platinum Edition",
        "metacriticLink": null,
        "dealID": "nCVc6pVIpd7Ek4zlOMOm8Xo9XnQPB%2FaaRCWqjfsFZa0%3D",
        "storeID": "27",
        "gameID": "206126",
        "salePrice": "9.25",
        "normalPrice": "79.99",
        "isOnSale": "1",
        "savings": "88.436055",
        "metacriticScore": "0",
        "steamRatingText": null,
        "steamRatingPercent": "0",
        "steamRatingCount": "0",
        "steamAppID": null,
        "releaseDate": 0,
        "lastChange": 1732216354,
        "dealRating": "10.0",
        "thumb": "https://sttc.gamersgate.com/images/product/sid-meiers-civilization-vi-platinum-edition/cover-180-4c22ae.jpg"
    },
    {
        "internalName": "DESTINY2LEGACYCOLLECTION2024",
        "title": "Destiny 2: Legacy Collection (2024)",
        "metacriticLink": null,
        "dealID": "5UpBLDYADa2HALQHID3yvKJ7rjphkd42n41W7Mt30Ec%3D",
        "storeID": "2",
        "gameID": "287615",
        "salePrice": "9.45",
        "normalPrice": "69.99",
        "isOnSale": "1",
        "savings": "86.498071",
        "metacriticScore": "0",
        "steamRatingText": null,
        "steamRatingPercent": "0",
        "steamRatingCount": "0",
        "steamAppID": null,
        "releaseDate": 0,
        "lastChange": 1732292227,
        "dealRating": "10.0",
        "thumb": "https://sttc.gamersgate.com/images/product/destiny-2-legacy-collection-2024/cover-180-c43273.jpg"
    },
    {
        "internalName": "SIDMEIERSCIVILIZATIONVIPLATINUMEDITION",
        "title": "Sid Meiers Civilization VI: Platinum Edition",
        "metacriticLink": null,
        "dealID": "tYRr%2FzDSt7RqgaYZyBqNRXHQNT8WgBo5YLYVAYAvHso%3D",
        "storeID": "21",
        "gameID": "206126",
        "salePrice": "9.59",
        "normalPrice": "79.99",
        "isOnSale": "1",
        "savings": "88.011001",
        "metacriticScore": "0",
        "steamRatingText": null,
        "steamRatingPercent": "0",
        "steamRatingCount": "0",
        "steamAppID": null,
        "releaseDate": 0,
        "lastChange": 1732216341,
        "dealRating": "10.0",
        "thumb": "https://sttc.gamersgate.com/images/product/sid-meiers-civilization-vi-platinum-edition/cover-180-4c22ae.jpg"
    },
    {
        "internalName": "SIDMEIERSCIVILIZATIONVIPLATINUMEDITION",
        "title": "Sid Meiers Civilization VI: Platinum Edition",
        "metacriticLink": null,
        "dealID": "3gdE6sZzadD%2BOySt6sFmwPkfQaXg%2BliM7VbW4P51450%3D",
        "storeID": "2",
        "gameID": "206126",
        "salePrice": "9.60",
        "normalPrice": "79.99",
        "isOnSale": "1",
        "savings": "87.998500",
        "metacriticScore": "0",
        "steamRatingText": null,
        "steamRatingPercent": "0",
        "steamRatingCount": "0",
        "steamAppID": null,
        "releaseDate": 0,
        "lastChange": 1732195665,
        "dealRating": "10.0",
        "thumb": "https://sttc.gamersgate.com/images/product/sid-meiers-civilization-vi-platinum-edition/cover-180-4c22ae.jpg"
    },
    {
        "internalName": "SIDMEIERSCIVILIZATIONVIPLATINUMEDITIONEPIC",
        "title": "Sid Meiers Civilization VI Platinum Edition (Epic)",
        "metacriticLink": null,
        "dealID": "d4Wv918pBgJsso6fW5BSLUsNfL%2FjWKRPFHmgpwm84wA%3D",
        "storeID": "2",
        "gameID": "271412",
        "salePrice": "9.60",
        "normalPrice": "79.99",
        "isOnSale": "1",
        "savings": "87.998500",
        "metacriticScore": "0",
        "steamRatingText": null,
        "steamRatingPercent": "0",
        "steamRatingCount": "0",
        "steamAppID": null,
        "releaseDate": 0,
        "lastChange": 1732195665,
        "dealRating": "10.0",
        "thumb": "https://sttc.gamersgate.com/images/product/sid-meiers-civilization-vi-platinum-edition-epic/cover-180-75b835.jpg"
    },
    {
        "internalName": "THEQUARRYDELUXEEDITION",
        "title": "The Quarry Deluxe Edition",
        "metacriticLink": null,
        "dealID": "2IKlv%2FmZbldYh5cH68EiSH1i4zvOBpQo%2FRUt0Xs79%2BA%3D",
        "storeID": "34",
        "gameID": "242112",
        "salePrice": "9.80",
        "normalPrice": "69.99",
        "isOnSale": "1",
        "savings": "85.998000",
        "metacriticScore": "0",
        "steamRatingText": null,
        "steamRatingPercent": "0",
        "steamRatingCount": "0",
        "steamAppID": null,
        "releaseDate": 0,
        "lastChange": 1732271014,
        "dealRating": "10.0",
        "thumb": "https://sttc.gamersgate.com/images/product/the-quarry-deluxe-edition/cover-180-c14ad4.jpg"
    },
    {
        "internalName": "DESTINY2LEGACYCOLLECTION2024",
        "title": "Destiny 2: Legacy Collection (2024)",
        "metacriticLink": null,
        "dealID": "pKtP2nYzLiygUHFntjK3%2F1%2BpphvetA3JfioFCTjO9Sg%3D",
        "storeID": "34",
        "gameID": "287615",
        "salePrice": "9.80",
        "normalPrice": "69.99",
        "isOnSale": "1",
        "savings": "85.998000",
        "metacriticScore": "0",
        "steamRatingText": null,
        "steamRatingPercent": "0",
        "steamRatingCount": "0",
        "steamAppID": null,
        "releaseDate": 0,
        "lastChange": 1732271091,
        "dealRating": "10.0",
        "thumb": "https://sttc.gamersgate.com/images/product/destiny-2-legacy-collection-2024/cover-180-c43273.jpg"
    },
    {
        "internalName": "CODEVEINDIGITALDELUXEEDITION",
        "title": "CODE VEIN Digital Deluxe Edition",
        "metacriticLink": null,
        "dealID": "5t7KJXsz%2FiGp4XRRedps0esdlsB7hkf03EbYyOcxQIo%3D",
        "storeID": "11",
        "gameID": "203041",
        "salePrice": "11.99",
        "normalPrice": "79.99",
        "isOnSale": "1",
        "savings": "85.010626",
        "metacriticScore": "0",
        "steamRatingText": null,
        "steamRatingPercent": "0",
        "steamRatingCount": "0",
        "steamAppID": null,
        "releaseDate": 0,
        "lastChange": 1732354305,
        "dealRating": "10.0",
        "thumb": "https://hb.imgix.net/3c7f534f6c05060aca7c859a2591ca1b652864b8.jpeg?auto=compress,format&fit=crop&h=84&w=135&s=bfb6e75556c31146139c4a0451dc2c81"
    },
    {
        "internalName": "SCARLETNEXUSDELUXEEDITION",
        "title": "SCARLET NEXUS Deluxe Edition",
        "metacriticLink": null,
        "dealID": "a%2BpJXH8wvpce%2FX2F9W2SCB%2BAGWIYbtJj7Nl%2BGsHpPm8%3D",
        "storeID": "11",
        "gameID": "227495",
        "salePrice": "11.99",
        "normalPrice": "79.99",
        "isOnSale": "1",
        "savings": "85.010626",
        "metacriticScore": "0",
        "steamRatingText": null,
        "steamRatingPercent": "0",
        "steamRatingCount": "0",
        "steamAppID": null,
        "releaseDate": 0,
        "lastChange": 1732367511,
        "dealRating": "10.0",
        "thumb": "https://sttc.gamersgate.com/images/product/scarlet-nexus-deluxe/cover-180-b1cf17.jpg"
    },
    {
        "internalName": "THEQUARRYDELUXEEDITION",
        "title": "The Quarry Deluxe Edition",
        "metacriticLink": null,
        "dealID": "OdCKe107lqKxgMVPq1CjObTbgF0lF3ewrwLsKibrAS8%3D",
        "storeID": "23",
        "gameID": "242112",
        "salePrice": "9.09",
        "normalPrice": "69.99",
        "isOnSale": "1",
        "savings": "87.012430",
        "metacriticScore": "0",
        "steamRatingText": null,
        "steamRatingPercent": "0",
        "steamRatingCount": "0",
        "steamAppID": null,
        "releaseDate": 0,
        "lastChange": 1732218477,
        "dealRating": "10.0",
        "thumb": "https://sttc.gamersgate.com/images/product/the-quarry-deluxe-edition/cover-180-c14ad4.jpg"
    },
    {
        "internalName": "DESTINY2LEGACYCOLLECTION2024",
        "title": "Destiny 2: Legacy Collection (2024)",
        "metacriticLink": null,
        "dealID": "15rYNsljgxdEBDGDMw6I%2BSQmiR9LFs93N5x4wjhcRik%3D",
        "storeID": "23",
        "gameID": "287615",
        "salePrice": "9.33",
        "normalPrice": "69.99",
        "isOnSale": "1",
        "savings": "86.669524",
        "metacriticScore": "0",
        "steamRatingText": null,
        "steamRatingPercent": "0",
        "steamRatingCount": "0",
        "steamAppID": null,
        "releaseDate": 0,
        "lastChange": 1732214781,
        "dealRating": "10.0",
        "thumb": "https://sttc.gamersgate.com/images/product/destiny-2-legacy-collection-2024/cover-180-c43273.jpg"
    },
    {
        "internalName": "EASPORTSPGATOURDELUXEEDITION",
        "title": "EA SPORTS PGA TOUR Deluxe Edition",
        "metacriticLink": null,
        "dealID": "LP38E%2B2cb%2FoH25XYKA8vb7HF2FKGDFoiFvgUaul9VCE%3D",
        "storeID": "25",
        "gameID": "256278",
        "salePrice": "8.49",
        "normalPrice": "84.99",
        "isOnSale": "1",
        "savings": "90.010589",
        "metacriticScore": "0",
        "steamRatingText": null,
        "steamRatingPercent": "0",
        "steamRatingCount": "0",
        "steamAppID": null,
        "releaseDate": 0,
        "lastChange": 1732034750,
        "dealRating": "10.0",
        "thumb": "https://originassets.akamaized.net/origin-com-store-final-assets-prod/16425629/142.0x200.0/1148309_MB_142x200_en_WW_^_2023-07-19-00-58-43_025adc02794907cf0fd28043eb63e1f1cbceac20.jpg"
    },
    {
        "internalName": "PGATOUR2K23DELUXEEDITION",
        "title": "PGA Tour 2K23 Deluxe Edition",
        "metacriticLink": null,
        "dealID": "A1Y9jXSNbiz8cvZEeu%2FOmCHPVS4tJqKOz4t2lUQ%2BO9o%3D",
        "storeID": "3",
        "gameID": "250127",
        "salePrice": "13.05",
        "normalPrice": "99.99",
        "isOnSale": "1",
        "savings": "86.948695",
        "metacriticScore": "0",
        "steamRatingText": null,
        "steamRatingPercent": "0",
        "steamRatingCount": "0",
        "steamAppID": null,
        "releaseDate": 0,
        "lastChange": 1732280242,
        "dealRating": "10.0",
        "thumb": "https://sttc.gamersgate.com/images/product/pga-tour-2k23-deluxe-edition/cover-180-b34583.jpg"
    },
    {
        "internalName": "BACK4BLOODDELUXEEDITION",
        "title": "Back 4 Blood: Deluxe Edition",
        "metacriticLink": null,
        "dealID": "rC3wmlzPx5zu7FG869xB1JT36T1vUlxq%2BJFwUNxSvn4%3D",
        "storeID": "25",
        "gameID": "235448",
        "salePrice": "8.99",
        "normalPrice": "89.99",
        "isOnSale": "1",
        "savings": "90.010001",
        "metacriticScore": "0",
        "steamRatingText": null,
        "steamRatingPercent": "0",
        "steamRatingCount": "0",
        "steamAppID": null,
        "releaseDate": 0,
        "lastChange": 1732034897,
        "dealRating": "10.0",
        "thumb": "https://sttc.gamersgate.com/images/product/back-4-blood-deluxe-edition/cover-180-267524.jpg"
    },
    {
        "internalName": "BACK4BLOODULTIMATEEDITION",
        "title": "Back 4 Blood: Ultimate Edition",
        "metacriticLink": null,
        "dealID": "24ef1teIZx3dsMaL%2BC%2BGcNKVuA%2FwuenEMJzJZrPPD2Q%3D",
        "storeID": "25",
        "gameID": "235447",
        "salePrice": "9.99",
        "normalPrice": "99.99",
        "isOnSale": "1",
        "savings": "90.009001",
        "metacriticScore": "0",
        "steamRatingText": null,
        "steamRatingPercent": "0",
        "steamRatingCount": "0",
        "steamAppID": null,
        "releaseDate": 0,
        "lastChange": 1732034897,
        "dealRating": "10.0",
        "thumb": "https://sttc.gamersgate.com/images/product/back-4-blood-ultimate-edition/cover-180-91231d.jpg"
    },
    {
        "internalName": "CYCLINGBUNDLE",
        "title": "Cycling Bundle",
        "metacriticLink": null,
        "dealID": "t5UcXM4aNQ7ejF1f%2BYnpL%2Fd5nknqTrqIyPiSRsH%2Fo8k%3D",
        "storeID": "30",
        "gameID": "219675",
        "salePrice": "6.99",
        "normalPrice": "69.99",
        "isOnSale": "1",
        "savings": "90.012859",
        "metacriticScore": "0",
        "steamRatingText": null,
        "steamRatingPercent": "0",
        "steamRatingCount": "0",
        "steamAppID": null,
        "releaseDate": 0,
        "lastChange": 1731919754,
        "dealRating": "10.0",
        "thumb": "https://hb.imgix.net/ea49e50c2fc82004bd35f2e3fdaee1ce2a2fc753.png?auto=compress,format&fit=crop&h=84&w=135&s=185c0e7e1e4876d6ebd355c9443f110b"
    },
    {
        "internalName": "WATCHDOGS2GOLDEDITION",
        "title": "Watch_Dogs 2 Gold Edition",
        "metacriticLink": null,
        "dealID": "flhAUrByjJHBE13o9X0CDF%2FBnyDmx8UsUsy8RfELCxM%3D",
        "storeID": "11",
        "gameID": "153679",
        "salePrice": "11.99",
        "normalPrice": "79.99",
        "isOnSale": "1",
        "savings": "85.010626",
        "metacriticScore": "0",
        "steamRatingText": null,
        "steamRatingPercent": "0",
        "steamRatingCount": "0",
        "steamAppID": null,
        "releaseDate": 0,
        "lastChange": 1732278613,
        "dealRating": "10.0",
        "thumb": "https://images.greenmangaming.com/b862c5cae355443f879809fc20eec404/e1d34e22dd2e4d3196a8e0c77b07c778.jpg"
    },
    {
        "internalName": "NINOKUNIIIREVENANTKINGDOMTHEPRINCESEDITION",
        "title": "Ni no Kuni II: Revenant Kingdom - The Prince's Edition",
        "metacriticLink": null,
        "dealID": "4WgIa%2B%2FZ92mZjM3AEjmCLu4WIRiygLDiV4CuN7LMBOs%3D",
        "storeID": "11",
        "gameID": "171780",
        "salePrice": "11.99",
        "normalPrice": "79.99",
        "isOnSale": "1",
        "savings": "85.010626",
        "metacriticScore": "0",
        "steamRatingText": null,
        "steamRatingPercent": "0",
        "steamRatingCount": "0",
        "steamAppID": null,
        "releaseDate": 0,
        "lastChange": 1732268835,
        "dealRating": "10.0",
        "thumb": "https://sttc.gamersgate.com/images/product/ni-no-kunitm-ii-revenant-kingdom-the-princes-edition/cover-180-b6d878.jpg"
    },
    {
        "internalName": "ASSASSINSCREEDODYSSEYDELUXEEDITION",
        "title": "Assassin's Creed Odyssey - Deluxe Edition",
        "metacriticLink": null,
        "dealID": "%2BRnjDN%2BLhLwgmyLmlfR4q2FianwBD3qElxdn5l3ExUs%3D",
        "storeID": "11",
        "gameID": "188229",
        "salePrice": "11.99",
        "normalPrice": "79.99",
        "isOnSale": "1",
        "savings": "85.010626",
        "metacriticScore": "0",
        "steamRatingText": null,
        "steamRatingPercent": "0",
        "steamRatingCount": "0",
        "steamAppID": null,
        "releaseDate": 0,
        "lastChange": 1732288893,
        "dealRating": "10.0",
        "thumb": "https://images.greenmangaming.com/85f64a5bdd2045fcae1dbfaa2b03b28e/18f26e2f95974e6ab4f8181434d4dd00.jpg"
    },
    {
        "internalName": "PGATOUR2K23DELUXEEDITION",
        "title": "PGA Tour 2K23 Deluxe Edition",
        "metacriticLink": null,
        "dealID": "0GdKN2ryl7pfddJh%2Bo2XZGXyW3Ofl6tZwUvxfvzfom0%3D",
        "storeID": "34",
        "gameID": "250127",
        "salePrice": "14.00",
        "normalPrice": "99.99",
        "isOnSale": "1",
        "savings": "85.998600",
        "metacriticScore": "0",
        "steamRatingText": null,
        "steamRatingPercent": "0",
        "steamRatingCount": "0",
        "steamAppID": null,
        "releaseDate": 0,
        "lastChange": 1732271023,
        "dealRating": "10.0",
        "thumb": "https://sttc.gamersgate.com/images/product/pga-tour-2k23-deluxe-edition/cover-180-b34583.jpg"
    },
    {
        "internalName": "PGATOUR2K23TIGERWOODSEDITION",
        "title": "PGA Tour 2K23 Tiger Woods Edition",
        "metacriticLink": null,
        "dealID": "FS8%2B5CD5%2FCka%2FYvlLnruNYUIIkfV9JmIXnpMFBFUUGY%3D",
        "storeID": "3",
        "gameID": "250126",
        "salePrice": "15.66",
        "normalPrice": "119.99",
        "isOnSale": "1",
        "savings": "86.948912",
        "metacriticScore": "0",
        "steamRatingText": null,
        "steamRatingPercent": "0",
        "steamRatingCount": "0",
        "steamAppID": null,
        "releaseDate": 0,
        "lastChange": 1732279706,
        "dealRating": "10.0",
        "thumb": "https://sttc.gamersgate.com/images/product/pga-tour-2k23-tiger-woods-edition/cover-180-b7bc92.jpg"
    },
    {
        "internalName": "TEKKEN7ORIGINALSEDITION",
        "title": "TEKKEN 7 - Originals Edition",
        "metacriticLink": null,
        "dealID": "%2BOgfF5SmpxpbTKQH5VMVm8qVeYK15ALdFPB5ZroCCCs%3D",
        "storeID": "11",
        "gameID": "237593",
        "salePrice": "13.49",
        "normalPrice": "89.99",
        "isOnSale": "1",
        "savings": "85.009445",
        "metacriticScore": "0",
        "steamRatingText": null,
        "steamRatingPercent": "0",
        "steamRatingCount": "0",
        "steamAppID": null,
        "releaseDate": 0,
        "lastChange": 1732238834,
        "dealRating": "10.0",
        "thumb": "https://sttc.gamersgate.com/images/product/tekken-7-originals-edition/cover-180-80f2e1.jpg"
    },
    {
        "internalName": "CHIVALRY4PACK",
        "title": "Chivalry - 4 Pack",
        "metacriticLink": null,
        "dealID": "Eg92yoZz62gNwxB15D6aKpwFMq2ql55hEgqBXjberOc%3D",
        "storeID": "3",
        "gameID": "100747",
        "salePrice": "12.00",
        "normalPrice": "74.99",
        "isOnSale": "1",
        "savings": "83.997866",
        "metacriticScore": "0",
        "steamRatingText": null,
        "steamRatingPercent": "0",
        "steamRatingCount": "0",
        "steamAppID": null,
        "releaseDate": 0,
        "lastChange": 1732283852,
        "dealRating": "10.0",
        "thumb": "https://images.greenmangaming.com/d8251c7eb3414cfb911a79a37b1689b1/42a00f28575e41a0ad4c1b2df9b467cb.jpg"
    },
    {
        "internalName": "PGATOUR2K23DELUXEEDITION",
        "title": "PGA Tour 2K23 Deluxe Edition",
        "metacriticLink": null,
        "dealID": "Gt2JRidH3bU9ISkYzQ49oGSqHSBiwifbVh%2BbJxkwsR4%3D",
        "storeID": "23",
        "gameID": "250127",
        "salePrice": "13.35",
        "normalPrice": "99.99",
        "isOnSale": "1",
        "savings": "86.648665",
        "metacriticScore": "0",
        "steamRatingText": null,
        "steamRatingPercent": "0",
        "steamRatingCount": "0",
        "steamAppID": null,
        "releaseDate": 0,
        "lastChange": 1732218409,
        "dealRating": "10.0",
        "thumb": "https://sttc.gamersgate.com/images/product/pga-tour-2k23-deluxe-edition/cover-180-b34583.jpg"
    },
    {
        "internalName": "SIDMEIERSCIVILIZATIONVIANTHOLOGY",
        "title": "Sid Meiers Civilization VI Anthology",
        "metacriticLink": "/game/sid-meiers-civilization-vi-anthology/",
        "dealID": "CFhYGumTzW%2BxUOQeGPyYuMzk8LVdjsDZrNFHlFgJoCw%3D",
        "storeID": "23",
        "gameID": "230833",
        "salePrice": "14.77",
        "normalPrice": "99.99",
        "isOnSale": "1",
        "savings": "85.228523",
        "metacriticScore": "0",
        "steamRatingText": null,
        "steamRatingPercent": "0",
        "steamRatingCount": "0",
        "steamAppID": null,
        "releaseDate": 1623283200,
        "lastChange": 1732277429,
        "dealRating": "10.0",
        "thumb": "https://sttc.gamersgate.com/images/product/sid-meiers-civilization-vi-anthology-steam/cover-180-ac032e.jpg"
    },
    {
        "internalName": "WORMSCLANWARS4PACK",
        "title": "Worms Clan Wars 4-Pack",
        "metacriticLink": null,
        "dealID": "9LgfNScJ7i0UGqOJwFVmxvxZQfn6gD5VtweVWDFu55A%3D",
        "storeID": "11",
        "gameID": "147882",
        "salePrice": "11.24",
        "normalPrice": "74.99",
        "isOnSale": "1",
        "savings": "85.011335",
        "metacriticScore": "0",
        "steamRatingText": null,
        "steamRatingPercent": "0",
        "steamRatingCount": "0",
        "steamAppID": null,
        "releaseDate": 0,
        "lastChange": 1732232949,
        "dealRating": "10.0",
        "thumb": "https://hb.imgix.net/2cacf78e92108be9dcde5a6694879fff32452f17.jpg?auto=compress,format&fit=crop&h=84&w=135&s=b2b5e202c77ad84bb5b5121493c6ada6"
    },
    {
        "internalName": "ASSASSINSCREEDORIGINSGOLDEDITION",
        "title": "Assassins Creed Origins Gold Edition",
        "metacriticLink": null,
        "dealID": "z1cxtkioJiybzMl0B%2BaY1jAI6GRSOOhmcVkEDxpwdSE%3D",
        "storeID": "11",
        "gameID": "170045",
        "salePrice": "14.99",
        "normalPrice": "99.99",
        "isOnSale": "1",
        "savings": "85.008501",
        "metacriticScore": "0",
        "steamRatingText": null,
        "steamRatingPercent": "0",
        "steamRatingCount": "0",
        "steamAppID": null,
        "releaseDate": 0,
        "lastChange": 1732272127,
        "dealRating": "10.0",
        "thumb": "https://images.greenmangaming.com/e6797d37de1243a1a79b5fede824bda3/da9b336eecab4f57b33543893d426051.jpg"
    },
    {
        "internalName": "ASSASSINSCREEDODYSSEYGOLDEDITION",
        "title": "Assassins Creed Odyssey Gold Edition",
        "metacriticLink": null,
        "dealID": "qA1%2FHgkjqr4dqxrzYU8kpyBa%2BOCLZipxLk%2FXGDjmG3c%3D",
        "storeID": "11",
        "gameID": "188216",
        "salePrice": "14.99",
        "normalPrice": "99.99",
        "isOnSale": "1",
        "savings": "85.008501",
        "metacriticScore": "0",
        "steamRatingText": null,
        "steamRatingPercent": "0",
        "steamRatingCount": "0",
        "steamAppID": null,
        "releaseDate": 0,
        "lastChange": 1732285389,
        "dealRating": "10.0",
        "thumb": "https://images.greenmangaming.com/b0279bf8df8a426987e1c4abaeffb03a/45ef97623d6246b8a367d7a3370d4a17.jpg"
    },
    {
        "internalName": "SCARLETNEXUSULTIMATEEDITION",
        "title": "SCARLET NEXUS Ultimate Edition",
        "metacriticLink": null,
        "dealID": "%2FsjQLJ8GQGLCuBRUbtP%2Fw5xNZAV3cfqJnAxiARKxVYc%3D",
        "storeID": "11",
        "gameID": "237437",
        "salePrice": "14.99",
        "normalPrice": "99.99",
        "isOnSale": "1",
        "savings": "85.008501",
        "metacriticScore": "0",
        "steamRatingText": null,
        "steamRatingPercent": "0",
        "steamRatingCount": "0",
        "steamAppID": null,
        "releaseDate": 0,
        "lastChange": 1732288888,
        "dealRating": "10.0",
        "thumb": "https://images.greenmangaming.com/ce77d02334d0460da2c70207fe3e9a2a/ee7127ac849d40a4979a0437bc9f2b23.jpg"
    },
    {
        "internalName": "PGATOUR2K23DELUXEEDITION",
        "title": "PGA Tour 2K23 Deluxe Edition",
        "metacriticLink": null,
        "dealID": "MzkAHBNoCdYjUjoGVXqgDtm4t1%2FtA5yIcqv497KP7IQ%3D",
        "storeID": "11",
        "gameID": "250127",
        "salePrice": "14.99",
        "normalPrice": "99.99",
        "isOnSale": "1",
        "savings": "85.008501",
        "metacriticScore": "0",
        "steamRatingText": null,
        "steamRatingPercent": "0",
        "steamRatingCount": "0",
        "steamAppID": null,
        "releaseDate": 0,
        "lastChange": 1732252224,
        "dealRating": "10.0",
        "thumb": "https://sttc.gamersgate.com/images/product/pga-tour-2k23-deluxe-edition/cover-180-b34583.jpg"
    },
    {
        "internalName": "PGATOUR2K23DELUXEEDITION",
        "title": "PGA Tour 2K23 Deluxe Edition",
        "metacriticLink": null,
        "dealID": "MtAdwl7bN3nToX9mToOuMFthnRnaOR6rnv6CMq%2FEkHU%3D",
        "storeID": "33",
        "gameID": "250127",
        "salePrice": "15.00",
        "normalPrice": "99.99",
        "isOnSale": "1",
        "savings": "84.998500",
        "metacriticScore": "0",
        "steamRatingText": null,
        "steamRatingPercent": "0",
        "steamRatingCount": "0",
        "steamAppID": null,
        "releaseDate": 0,
        "lastChange": 1732242203,
        "dealRating": "10.0",
        "thumb": "https://sttc.gamersgate.com/images/product/pga-tour-2k23-deluxe-edition/cover-180-b34583.jpg"
    },
    {
        "internalName": "PGATOUR2K23DELUXEEDITION",
        "title": "PGA Tour 2K23 Deluxe Edition",
        "metacriticLink": null,
        "dealID": "CnW%2BJJKdXdKJDSvprJZeHYBIkGWuq7gbxtiXW15Ocmc%3D",
        "storeID": "24",
        "gameID": "250127",
        "salePrice": "15.00",
        "normalPrice": "99.99",
        "isOnSale": "1",
        "savings": "84.998500",
        "metacriticScore": "0",
        "steamRatingText": null,
        "steamRatingPercent": "0",
        "steamRatingCount": "0",
        "steamAppID": null,
        "releaseDate": 0,
        "lastChange": 1732309086,
        "dealRating": "10.0",
        "thumb": "https://sttc.gamersgate.com/images/product/pga-tour-2k23-deluxe-edition/cover-180-b34583.jpg"
    },
    {
        "internalName": "PGATOUR2K23TIGERWOODSEDITION",
        "title": "PGA Tour 2K23 Tiger Woods Edition",
        "metacriticLink": null,
        "dealID": "ZHjmW%2BHG%2BDDnnrlMs6%2FhYriKUzWVe1ykBDptYsMP6vM%3D",
        "storeID": "34",
        "gameID": "250126",
        "salePrice": "16.80",
        "normalPrice": "119.99",
        "isOnSale": "1",
        "savings": "85.998833",
        "metacriticScore": "0",
        "steamRatingText": null,
        "steamRatingPercent": "0",
        "steamRatingCount": "0",
        "steamAppID": null,
        "releaseDate": 0,
        "lastChange": 1732271023,
        "dealRating": "10.0",
        "thumb": "https://sttc.gamersgate.com/images/product/pga-tour-2k23-tiger-woods-edition/cover-180-b7bc92.jpg"
    },
    {
        "internalName": "CAPTAINTSUBASARISEOFNEWCHAMPIONSDELUXEEDITION",
        "title": "Captain Tsubasa: Rise of New Champions - Deluxe Edition",
        "metacriticLink": null,
        "dealID": "9I5stk%2FdQqF%2FFlZjYqDmWdnI3ffZbBBaQSwbOHbEusU%3D",
        "storeID": "11",
        "gameID": "218851",
        "salePrice": "13.59",
        "normalPrice": "84.99",
        "isOnSale": "1",
        "savings": "84.009884",
        "metacriticScore": "0",
        "steamRatingText": null,
        "steamRatingPercent": "0",
        "steamRatingCount": "0",
        "steamAppID": null,
        "releaseDate": 0,
        "lastChange": 1732301890,
        "dealRating": "10.0",
        "thumb": "https://sttc.gamersgate.com/images/product/captain-tsubasa-rise-of-new-champions-deluxe-edition/cover-180-f93a22.jpg"
    },
    {
        "internalName": "WARHAMMERAGEOFSIGMARREALMSOFRUINULTIMATEEDITION",
        "title": "Warhammer Age of Sigmar: Realms of Ruin Ultimate Edition",
        "metacriticLink": null,
        "dealID": "%2BYB%2FKe0HFqEPUmk%2BVUW4Hq1u%2F3y3etyS17KIC4COIrA%3D",
        "storeID": "3",
        "gameID": "277507",
        "salePrice": "12.60",
        "normalPrice": "74.99",
        "isOnSale": "1",
        "savings": "83.197760",
        "metacriticScore": "0",
        "steamRatingText": null,
        "steamRatingPercent": "0",
        "steamRatingCount": "0",
        "steamAppID": null,
        "releaseDate": 0,
        "lastChange": 1732270459,
        "dealRating": "10.0",
        "thumb": "https://sttc.gamersgate.com/images/product/warhammer-age-of-sigmar-realms-of-ruin-ultimate-edition/cover-180-f62047.jpg"
    }
]